co2TailpipeGpm,city08,fuelCost08,fuelType,VClass
449.47740430002125,17.906183368869936,2164.6055437100213,Regular,Minivans
511.290034956564,16.200269905533062,2587.1255060728745,Regular,SUV
398.4274776507146,22.61856145435384,2199.7760505862207,Premium,Sedans
